size_tier,weight_class,service_tier,to_country,low_rate,average_rate,high_rate
Envelope,Heavy,Domestic Economy,US,5.85,28.7,276.01
Envelope,Heavy,Domestic Ground,US,14.35,14.88,15.16
Envelope,Heavy,International Economy,CA,16.13,16.13,16.13
Envelope,Heavy,International Economy,GB,15.68,15.68,15.68
Envelope,Heavy,International Economy,JP,14.88,15.18,15.49
Envelope,Heavy,International Standard,DE,37.96,38.29,38.91
Envelope,Heavy,International Standard,FR,38.19,38.19,38.19
Envelope,Heavy,International Standard,GB,34.17,34.17,34.17
Envelope,Heavy,International Standard,NL,38.19,38.19,38.19
Envelope,Light,Domestic 2 Day,PR,22.1,22.1,22.1
Envelope,Light,Domestic 2 Day,US,15.63,18.78,25.04
Envelope,Light,Domestic Economy,GU,5.8,7.74,9.69
Envelope,Light,Domestic Economy,PR,4.71,6.48,9.69
Envelope,Light,Domestic Economy,US,3.57,5.84,10.07
Envelope,Light,Domestic Economy,VI,5.8,5.8,5.8
Envelope,Light,Domestic Ground,CA,28.58,28.58,28.58
Envelope,Light,Domestic Ground,US,6.54,10.19,27.84
Envelope,Light,Domestic Letter,US,0.69,0.79,1.53
Envelope,Light,Domestic Next Day,US,21.72,31.96,40.87
Envelope,Light,International Economy,AE,11.45,11.45,11.45
Envelope,Light,International Economy,AT,12.37,12.93,14.6
Envelope,Light,International Economy,AU,11.87,13.2,39.16
Envelope,Light,International Economy,AZ,19.0,19.0,19.0
Envelope,Light,International Economy,BE,10.35,10.35,10.35
Envelope,Light,International Economy,BR,14.68,14.68,14.68
Envelope,Light,International Economy,CA,10.26,10.52,24.69
Envelope,Light,International Economy,CH,12.37,13.06,17.21
Envelope,Light,International Economy,CL,14.68,14.68,14.68
Envelope,Light,International Economy,CZ,14.47,14.47,14.47
Envelope,Light,International Economy,DE,10.35,10.8,27.92
Envelope,Light,International Economy,ES,12.37,12.37,12.37
Envelope,Light,International Economy,FI,12.37,12.37,12.37
Envelope,Light,International Economy,FR,10.35,10.86,12.69
Envelope,Light,International Economy,GB,6.26,10.38,19.95
Envelope,Light,International Economy,HU,17.48,22.96,28.44
Envelope,Light,International Economy,IE,10.35,10.35,10.35
Envelope,Light,International Economy,IT,10.35,11.08,13.25
Envelope,Light,International Economy,JP,9.89,11.74,126.44
Envelope,Light,International Economy,KR,8.65,10.82,20.41
Envelope,Light,International Economy,LU,10.35,10.35,10.35
Envelope,Light,International Economy,MX,5.3,8.71,17.15
Envelope,Light,International Economy,NL,10.35,10.81,12.04
Envelope,Light,International Economy,NO,12.37,12.37,12.37
Envelope,Light,International Economy,NZ,12.04,12.04,12.04
Envelope,Light,International Economy,PH,12.04,12.04,12.04
Envelope,Light,International Economy,PL,17.48,17.48,17.48
Envelope,Light,International Economy,PT,12.37,12.37,12.37
Envelope,Light,International Economy,QA,11.45,11.45,11.45
Envelope,Light,International Economy,SE,12.37,13.57,16.7
Envelope,Light,International Economy,SG,10.32,12.02,29.6
Envelope,Light,International Economy,SK,17.48,17.48,17.48
Envelope,Light,International Economy,TW,10.32,11.58,18.37
Envelope,Light,International Economy,UA,19.0,19.0,19.0
Envelope,Light,International Expedited,AU,32.93,32.93,32.93
Envelope,Light,International Expedited,BE,30.71,32.61,34.51
Envelope,Light,International Expedited,CA,28.65,28.65,28.65
Envelope,Light,International Expedited,DE,30.65,32.58,34.51
Envelope,Light,International Expedited,ES,35.16,35.16,35.16
Envelope,Light,International Expedited,FI,155.68,155.68,155.68
Envelope,Light,International Expedited,FR,34.51,34.51,34.51
Envelope,Light,International Expedited,GB,30.71,35.91,45.29
Envelope,Light,International Expedited,HU,48.27,48.27,48.27
Envelope,Light,International Expedited,IT,34.51,34.51,34.51
Envelope,Light,International Expedited,JP,29.8,29.8,29.8
Envelope,Light,International Expedited,PH,97.86,97.86,97.86
Envelope,Light,International Expedited,SI,52.06,52.06,52.06
Envelope,Light,International Standard,AR,105.18,106.26,107.34
Envelope,Light,International Standard,AT,26.34,28.88,33.65
Envelope,Light,International Standard,AU,28.95,55.65,99.22
Envelope,Light,International Standard,BE,24.9,26.9,29.64
Envelope,Light,International Standard,BR,35.43,35.43,35.43
Envelope,Light,International Standard,CA,21.61,29.75,94.75
Envelope,Light,International Standard,CH,26.28,39.54,96.59
Envelope,Light,International Standard,CL,35.43,35.43,35.43
Envelope,Light,International Standard,CZ,27.37,28.83,31.31
Envelope,Light,International Standard,DE,25.0,26.85,29.64
Envelope,Light,International Standard,DK,26.07,27.58,30.31
Envelope,Light,International Standard,EC,35.57,35.57,35.57
Envelope,Light,International Standard,ES,25.96,30.84,95.81
Envelope,Light,International Standard,FI,25.96,27.32,29.94
Envelope,Light,International Standard,FR,25.0,27.06,29.64
Envelope,Light,International Standard,GB,24.9,27.49,29.64
Envelope,Light,International Standard,GR,26.44,63.02,99.6
Envelope,Light,International Standard,HU,27.54,29.78,31.31
Envelope,Light,International Standard,ID,32.4,32.4,32.4
Envelope,Light,International Standard,IE,25.0,26.08,29.28
Envelope,Light,International Standard,IN,27.17,27.17,27.17
Envelope,Light,International Standard,IT,25.0,31.97,98.53
Envelope,Light,International Standard,JP,23.7,33.45,149.35
Envelope,Light,International Standard,KE,25.32,25.32,25.32
Envelope,Light,International Standard,KR,23.9,23.99,24.24
Envelope,Light,International Standard,LT,27.32,27.32,27.32
Envelope,Light,International Standard,LV,27.37,27.37,27.37
Envelope,Light,International Standard,MK,25.32,25.32,25.32
Envelope,Light,International Standard,MT,25.32,25.32,25.32
Envelope,Light,International Standard,MX,19.39,20.08,23.57
Envelope,Light,International Standard,MY,29.07,30.4,32.4
Envelope,Light,International Standard,NL,23.83,27.91,29.64
Envelope,Light,International Standard,NO,26.12,26.39,26.66
Envelope,Light,International Standard,NZ,29.07,29.07,29.07
Envelope,Light,International Standard,PE,35.43,58.71,104.97
Envelope,Light,International Standard,PH,28.95,29.18,29.73
Envelope,Light,International Standard,PL,27.32,29.76,37.79
Envelope,Light,International Standard,PT,25.96,26.02,26.07
Envelope,Light,International Standard,QA,25.84,25.84,25.84
Envelope,Light,International Standard,RO,27.2,27.2,27.2
Envelope,Light,International Standard,SE,26.07,35.9,96.59
Envelope,Light,International Standard,SG,24.52,24.62,24.72
Envelope,Light,International Standard,SK,27.2,28.8,33.22
Envelope,Light,International Standard,TW,24.52,24.81,25.15
Envelope,Light,International Standard,ZA,27.32,27.34,27.37
Envelope,Medium,Domestic Economy,PR,8.53,8.53,8.53
Envelope,Medium,Domestic Economy,US,5.85,25.63,277.76
Envelope,Medium,Domestic Ground,US,10.17,14.58,18.53
Envelope,Medium,Domestic Next Day,US,19.65,31.91,42.67
Envelope,Medium,International Economy,AT,14.05,14.59,15.67
Envelope,Medium,International Economy,AU,13.55,16.06,39.16
Envelope,Medium,International Economy,BE,11.87,11.87,11.87
Envelope,Medium,International Economy,CA,12.08,12.78,24.69
Envelope,Medium,International Economy,CH,14.05,17.32,21.3
Envelope,Medium,International Economy,DE,11.87,12.42,13.87
Envelope,Medium,International Economy,ES,14.05,14.05,14.05
Envelope,Medium,International Economy,FI,14.05,14.05,14.05
Envelope,Medium,International Economy,FR,11.87,12.16,13.87
Envelope,Medium,International Economy,GB,7.01,12.37,15.67
Envelope,Medium,International Economy,IL,13.0,13.0,13.0
Envelope,Medium,International Economy,IT,11.87,11.87,11.87
Envelope,Medium,International Economy,JP,11.6,12.25,13.88
Envelope,Medium,International Economy,KR,11.12,11.12,11.12
Envelope,Medium,International Economy,MX,9.27,9.44,10.31
Envelope,Medium,International Economy,MY,16.8,16.8,16.8
Envelope,Medium,International Economy,NL,11.87,12.2,13.87
Envelope,Medium,International Economy,NZ,14.87,14.87,14.87
Envelope,Medium,International Economy,SA,14.99,14.99,14.99
Envelope,Medium,International Economy,SG,11.38,11.38,11.38
Envelope,Medium,International Economy,SK,18.87,18.87,18.87
Envelope,Medium,International Economy,TW,11.38,11.38,11.38
Envelope,Medium,International Standard,AE,28.31,28.31,28.31
Envelope,Medium,International Standard,AU,32.83,32.83,32.83
Envelope,Medium,International Standard,BE,30.05,30.05,30.05
Envelope,Medium,International Standard,BN,30.9,30.9,30.9
Envelope,Medium,International Standard,CA,26.85,38.63,97.07
Envelope,Medium,International Standard,CZ,32.97,33.07,33.22
Envelope,Medium,International Standard,DE,25.84,29.46,34.26
Envelope,Medium,International Standard,DK,33.24,35.25,37.26
Envelope,Medium,International Standard,ES,29.62,65.5,99.87
Envelope,Medium,International Standard,FI,29.32,31.08,32.83
Envelope,Medium,International Standard,FR,25.53,27.5,33.98
Envelope,Medium,International Standard,GB,29.86,55.9,211.09
Envelope,Medium,International Standard,HR,31.27,31.27,31.27
Envelope,Medium,International Standard,ID,32.2,69.46,106.71
Envelope,Medium,International Standard,IE,30.28,30.28,30.28
Envelope,Medium,International Standard,IN,27.01,27.01,27.01
Envelope,Medium,International Standard,IT,25.63,25.63,25.63
Envelope,Medium,International Standard,JP,24.44,49.34,196.07
Envelope,Medium,International Standard,KR,24.44,61.44,172.04
Envelope,Medium,International Standard,LU,34.26,34.26,34.26
Envelope,Medium,International Standard,MX,19.42,20.11,22.47
Envelope,Medium,International Standard,NC,39.51,39.51,39.51
Envelope,Medium,International Standard,NL,25.89,28.7,30.29
Envelope,Medium,International Standard,NZ,32.83,32.83,32.83
Envelope,Medium,International Standard,PE,35.43,35.43,35.43
Envelope,Medium,International Standard,PH,32.2,32.2,32.2
Envelope,Medium,International Standard,SE,29.38,31.31,33.24
Envelope,Medium,International Standard,SG,25.05,25.05,25.05
Envelope,Medium,International Standard,TW,29.74,29.74,29.74
Envelope,Very Heavy,Domestic 2 Day,US,236.69,236.69,236.69
Envelope,Very Heavy,International Economy,SE,46.25,46.25,46.25
Large Box,Heavy,Domestic 2 Day,US,30.92,94.43,123.78
Large Box,Heavy,Domestic Economy,US,10.86,23.69,276.01
Large Box,Heavy,Domestic Ground,US,9.79,17.52,60.36
Large Box,Heavy,Domestic Next Day,US,67.19,81.38,124.01
Large Box,Heavy,International Economy,CA,230.1,230.1,230.1
Large Box,Heavy,International Economy,DE,17.38,24.7,32.01
Large Box,Heavy,International Economy,GB,14.81,14.81,14.81
Large Box,Heavy,International Economy,IT,21.67,26.15,30.63
Large Box,Heavy,International Economy,JP,14.88,14.88,14.88
Large Box,Heavy,International Economy,TW,34.28,34.28,34.28
Large Box,Heavy,International Expedited,DE,70.56,71.44,75.84
Large Box,Heavy,International Expedited,JP,79.16,79.16,79.16
Large Box,Heavy,International Standard,AU,87.28,97.1,165.39
Large Box,Heavy,International Standard,BE,56.3,56.3,56.3
Large Box,Heavy,International Standard,BR,102.93,106.7,110.46
Large Box,Heavy,International Standard,CA,35.98,45.49,114.74
Large Box,Heavy,International Standard,CH,86.32,86.32,86.32
Large Box,Heavy,International Standard,DE,56.3,61.92,69.17
Large Box,Heavy,International Standard,ES,71.0,91.08,140.54
Large Box,Heavy,International Standard,FR,60.29,61.44,62.59
Large Box,Heavy,International Standard,GB,56.3,64.14,135.51
Large Box,Heavy,International Standard,HK,63.48,63.48,63.48
Large Box,Heavy,International Standard,HU,98.08,100.07,102.06
Large Box,Heavy,International Standard,IN,85.54,85.54,85.54
Large Box,Heavy,International Standard,IT,69.17,90.52,129.22
Large Box,Heavy,International Standard,JP,69.86,87.24,139.4
Large Box,Heavy,International Standard,KR,92.4,92.4,92.4
Large Box,Heavy,International Standard,MX,46.15,46.15,46.15
Large Box,Heavy,International Standard,NZ,94.71,94.71,94.71
Large Box,Heavy,International Standard,PH,156.82,156.82,156.82
Large Box,Heavy,International Standard,SE,82.33,82.33,82.33
Large Box,Heavy,International Standard,TW,72.16,72.16,72.16
Large Box,Light,Domestic 2 Day,US,35.57,77.51,101.09
Large Box,Light,Domestic Ground,US,11.82,17.3,22.77
Large Box,Medium,Domestic Economy,US,6.63,9.59,18.68
Large Box,Medium,Domestic Ground,US,10.19,14.01,25.7
Large Box,Medium,Domestic Next Day,US,58.43,69.94,85.37
Large Box,Medium,International Standard,AT,66.86,66.86,66.86
Large Box,Medium,International Standard,AU,84.64,84.64,84.64
Large Box,Medium,International Standard,BE,54.86,54.86,54.86
Large Box,Medium,International Standard,CA,40.92,40.92,40.92
Large Box,Medium,International Standard,DE,54.86,57.53,58.87
Large Box,Medium,International Standard,ES,66.86,67.66,70.88
Large Box,Medium,International Standard,FR,54.86,57.27,58.87
Large Box,Medium,International Standard,GB,54.86,58.2,58.87
Large Box,Medium,International Standard,HU,91.93,91.93,91.93
Large Box,Medium,International Standard,IT,58.87,58.87,58.87
Large Box,Medium,International Standard,JP,69.86,75.05,77.65
Large Box,Medium,International Standard,NL,58.87,58.87,58.87
Large Box,Medium,International Standard,PH,154.6,154.6,154.6
Large Box,Medium,International Standard,PL,87.91,89.92,91.93
Large Box,Medium,International Standard,PT,66.86,66.86,66.86
Large Box,Medium,International Standard,QA,68.0,68.0,68.0
Large Box,Medium,International Standard,SI,91.93,91.93,91.93
Large Box,Very Heavy,Domestic 2 Day,US,20.98,70.95,119.7
Large Box,Very Heavy,Domestic Economy,US,14.7,69.42,276.01
Large Box,Very Heavy,Domestic Ground,PR,72.83,74.61,76.39
Large Box,Very Heavy,Domestic Ground,US,0.01,20.61,77.1
Large Box,Very Heavy,Domestic Next Day,US,75.27,121.11,233.83
Large Box,Very Heavy,Domestic Next Day Early AM,US,283.16,333.17,380.5
Large Box,Very Heavy,International Economy,CA,47.45,47.45,47.45
Large Box,Very Heavy,International Expedited,DE,73.2,75.25,75.84
Large Box,Very Heavy,International Expedited,IT,82.82,82.82,82.82
Large Box,Very Heavy,International Expedited,JP,79.16,79.77,83.19
Large Box,Very Heavy,International Expedited,SG,78.69,90.01,118.3
Large Box,Very Heavy,International Standard,AE,0.01,68.18,104.35
Large Box,Very Heavy,International Standard,AR,130.15,141.87,149.71
Large Box,Very Heavy,International Standard,AT,81.38,92.8,98.66
Large Box,Very Heavy,International Standard,AU,0.01,67.98,197.35
Large Box,Very Heavy,International Standard,BD,0.01,49.68,99.35
Large Box,Very Heavy,International Standard,BE,73.84,78.65,81.05
Large Box,Very Heavy,International Standard,BM,66.24,66.24,66.24
Large Box,Very Heavy,International Standard,BR,130.15,161.34,219.53
Large Box,Very Heavy,International Standard,CA,45.1,53.37,132.7
Large Box,Very Heavy,International Standard,CH,98.66,98.66,98.66
Large Box,Very Heavy,International Standard,CL,135.93,142.14,149.71
Large Box,Very Heavy,International Standard,CN,0.01,49.34,98.66
Large Box,Very Heavy,International Standard,CO,130.15,143.57,149.71
Large Box,Very Heavy,International Standard,CZ,149.1,149.1,149.1
Large Box,Very Heavy,International Standard,DE,69.73,76.75,81.05
Large Box,Very Heavy,International Standard,EG,104.35,104.35,104.35
Large Box,Very Heavy,International Standard,ES,83.23,99.76,168.49
Large Box,Very Heavy,International Standard,FI,94.66,94.66,94.66
Large Box,Very Heavy,International Standard,FR,65.77,73.06,81.05
Large Box,Very Heavy,International Standard,GB,0.01,81.53,466.81
Large Box,Very Heavy,International Standard,ID,0.01,78.75,197.35
Large Box,Very Heavy,International Standard,IE,77.04,77.04,77.04
Large Box,Very Heavy,International Standard,IN,0.01,68.2,169.17
Large Box,Very Heavy,International Standard,IQ,139.8,139.8,139.8
Large Box,Very Heavy,International Standard,IT,70.09,76.93,81.05
Large Box,Very Heavy,International Standard,JP,0.01,46.24,138.48
Large Box,Very Heavy,International Standard,KE,139.8,139.8,139.8
Large Box,Very Heavy,International Standard,KR,0.01,50.98,81.65
Large Box,Very Heavy,International Standard,LB,94.45,99.4,104.35
Large Box,Very Heavy,International Standard,MX,50.96,57.85,64.32
Large Box,Very Heavy,International Standard,MY,0.01,63.76,127.52
Large Box,Very Heavy,International Standard,NL,69.8,75.59,77.04
Large Box,Very Heavy,International Standard,NZ,119.94,119.94,119.94
Large Box,Very Heavy,International Standard,PA,149.71,149.71,149.71
Large Box,Very Heavy,International Standard,PE,149.71,149.71,149.71
Large Box,Very Heavy,International Standard,PH,0.01,70.3,127.52
Large Box,Very Heavy,International Standard,PK,0.01,59.91,169.17
Large Box,Very Heavy,International Standard,PL,129.6,142.6,149.1
Large Box,Very Heavy,International Standard,SA,104.35,104.35,104.35
Large Box,Very Heavy,International Standard,SE,88.86,99.76,164.48
Large Box,Very Heavy,International Standard,SG,0.01,40.24,80.46
Large Box,Very Heavy,International Standard,TH,0.01,67.69,127.52
Large Box,Very Heavy,International Standard,TR,92.01,98.18,104.35
Large Box,Very Heavy,International Standard,TW,0.01,40.24,80.46
Large Box,Very Heavy,International Standard,VN,0.01,63.76,127.52
Large Box,Very Heavy,International Standard,ZA,149.1,195.65,218.92
Medium Box,Heavy,Domestic 2 Day,US,15.91,34.98,55.67
Medium Box,Heavy,Domestic Economy,US,7.06,12.82,276.01
Medium Box,Heavy,Domestic Expedited,US,19.98,21.94,22.98
Medium Box,Heavy,Domestic Ground,US,8.43,20.48,103.41
Medium Box,Heavy,Domestic Next Day,US,45.43,62.06,83.94
Medium Box,Heavy,Domestic Next Day Early AM,US,181.7,181.7,181.7
Medium Box,Heavy,International Economy,AT,18.45,18.45,18.45
Medium Box,Heavy,International Economy,AU,65.75,65.75,65.75
Medium Box,Heavy,International Economy,DE,19.3,19.3,19.3
Medium Box,Heavy,International Economy,GB,19.3,19.3,19.3
Medium Box,Heavy,International Economy,JP,17.29,17.29,17.29
Medium Box,Heavy,International Economy,LV,32.59,32.59,32.59
Medium Box,Heavy,International Economy,NZ,23.19,23.19,23.19
Medium Box,Heavy,International Economy,SA,21.82,21.82,21.82
Medium Box,Heavy,International Expedited,AT,62.08,62.08,62.08
Medium Box,Heavy,International Expedited,AU,59.57,62.42,67.18
Medium Box,Heavy,International Expedited,CA,41.29,41.29,41.29
Medium Box,Heavy,International Expedited,CH,56.95,60.12,63.28
Medium Box,Heavy,International Expedited,CZ,81.81,83.82,85.82
Medium Box,Heavy,International Expedited,DE,45.77,48.55,51.81
Medium Box,Heavy,International Expedited,ES,52.94,54.65,58.08
Medium Box,Heavy,International Expedited,FI,52.84,79.11,122.52
Medium Box,Heavy,International Expedited,FR,51.81,51.81,51.81
Medium Box,Heavy,International Expedited,IE,45.58,45.58,45.58
Medium Box,Heavy,International Expedited,IT,47.8,47.8,47.8
Medium Box,Heavy,International Expedited,JP,52.64,52.64,52.64
Medium Box,Heavy,International Expedited,NL,47.8,47.8,47.8
Medium Box,Heavy,International Expedited,NZ,59.57,63.38,67.18
Medium Box,Heavy,International Expedited,PH,55.26,69.85,124.94
Medium Box,Heavy,International Expedited,PT,56.26,91.18,126.09
Medium Box,Heavy,International Expedited,SE,61.96,94.93,127.9
Medium Box,Heavy,International Expedited,SK,77.62,77.62,77.62
Medium Box,Heavy,International Expedited,TW,49.07,51.08,53.1
Medium Box,Heavy,International Standard,AT,51.67,51.67,51.67
Medium Box,Heavy,International Standard,AU,45.95,55.8,59.56
Medium Box,Heavy,International Standard,BE,43.11,45.58,49.3
Medium Box,Heavy,International Standard,BR,72.97,72.97,72.97
Medium Box,Heavy,International Standard,CA,30.17,35.88,46.15
Medium Box,Heavy,International Standard,CH,51.67,54.9,58.12
Medium Box,Heavy,International Standard,CZ,65.33,66.04,66.76
Medium Box,Heavy,International Standard,DE,41.74,46.24,49.4
Medium Box,Heavy,International Standard,DK,47.68,50.27,54.12
Medium Box,Heavy,International Standard,ES,46.36,54.72,121.45
Medium Box,Heavy,International Standard,FI,47.68,72.93,118.97
Medium Box,Heavy,International Standard,FR,41.82,44.84,49.3
Medium Box,Heavy,International Standard,GB,43.11,47.07,49.3
Medium Box,Heavy,International Standard,GR,51.67,52.34,53.02
Medium Box,Heavy,International Standard,HU,58.97,66.89,73.79
Medium Box,Heavy,International Standard,ID,59.56,59.56,59.56
Medium Box,Heavy,International Standard,IT,43.11,46.14,47.44
Medium Box,Heavy,International Standard,MX,34.26,68.03,101.8
Medium Box,Heavy,International Standard,MY,55.23,55.86,56.49
Medium Box,Heavy,International Standard,NE,81.76,81.76,81.76
Medium Box,Heavy,International Standard,NL,47.1,47.1,47.1
Medium Box,Heavy,International Standard,NO,46.26,67.85,120.45
Medium Box,Heavy,International Standard,NZ,55.12,55.58,56.49
Medium Box,Heavy,International Standard,PH,55.12,55.67,56.49
Medium Box,Heavy,International Standard,PL,65.33,69.32,77.79
Medium Box,Heavy,International Standard,PT,47.77,49.6,51.43
Medium Box,Heavy,International Standard,SE,51.67,52.34,53.02
Medium Box,Heavy,International Standard,TH,55.12,55.12,55.12
Medium Box,Heavy,International Standard,UA,138.17,138.17,138.17
Medium Box,Heavy,International Standard,VN,65.83,65.83,65.83
Medium Box,Light,Domestic 2 Day,US,23.17,23.17,23.17
Medium Box,Light,Domestic Economy,US,4.08,5.51,6.4
Medium Box,Light,Domestic Ground,US,9.79,14.84,47.69
Medium Box,Light,Domestic Next Day,US,40.1,59.26,82.68
Medium Box,Light,International Economy,JP,11.61,11.61,11.61
Medium Box,Medium,Domestic 2 Day,US,15.94,29.48,46.0
Medium Box,Medium,Domestic Economy,US,6.21,15.74,276.01
Medium Box,Medium,Domestic Ground,US,0.01,15.77,100.76
Medium Box,Medium,Domestic Next Day,US,37.79,55.22,83.94
Medium Box,Medium,International Economy,AT,17.14,17.14,17.14
Medium Box,Medium,International Economy,AU,13.55,13.55,13.55
Medium Box,Medium,International Economy,DE,17.97,18.24,19.3
Medium Box,Medium,International Economy,GB,17.97,18.63,19.3
Medium Box,Medium,International Economy,JP,12.62,12.62,12.62
Medium Box,Medium,International Economy,UA,53.4,53.4,53.4
Medium Box,Medium,International Expedited,AU,45.97,52.83,59.69
Medium Box,Medium,International Expedited,BE,78.41,78.41,78.41
Medium Box,Medium,International Expedited,BR,54.43,56.58,58.73
Medium Box,Medium,International Expedited,CA,27.77,29.66,31.8
Medium Box,Medium,International Expedited,CH,56.95,56.95,56.95
Medium Box,Medium,International Expedited,CL,58.73,58.73,58.73
Medium Box,Medium,International Expedited,CO,54.43,54.43,54.43
Medium Box,Medium,International Expedited,DE,35.47,37.98,39.49
Medium Box,Medium,International Expedited,EE,62.45,62.45,62.45
Medium Box,Medium,International Expedited,ES,41.76,43.71,49.56
Medium Box,Medium,International Expedited,FI,42.02,42.02,42.02
Medium Box,Medium,International Expedited,FR,35.47,43.3,78.41
Medium Box,Medium,International Expedited,GB,35.47,41.57,78.41
Medium Box,Medium,International Expedited,HR,61.82,61.82,61.82
Medium Box,Medium,International Expedited,HU,62.45,62.45,62.45
Medium Box,Medium,International Expedited,IT,39.49,39.49,39.49
Medium Box,Medium,International Expedited,NL,35.47,36.81,39.49
Medium Box,Medium,International Expedited,NO,42.02,42.02,42.02
Medium Box,Medium,International Expedited,PL,62.45,62.45,62.45
Medium Box,Medium,International Expedited,PT,42.02,42.02,42.02
Medium Box,Medium,International Expedited,RS,61.82,61.82,61.82
Medium Box,Medium,International Expedited,SE,42.02,42.02,42.02
Medium Box,Medium,International Expedited,TR,40.65,40.65,40.65
Medium Box,Medium,International Standard,AU,50.09,50.09,50.09
Medium Box,Medium,International Standard,CA,36.81,36.99,37.17
Medium Box,Medium,International Standard,CZ,58.85,58.85,58.85
Medium Box,Medium,International Standard,DE,59.08,59.08,59.08
Medium Box,Medium,International Standard,FR,38.7,47.1,55.29
Medium Box,Medium,International Standard,GB,41.74,48.69,59.08
Medium Box,Medium,International Standard,JP,40.33,40.38,40.61
Medium Box,Medium,International Standard,NL,41.74,48.11,55.29
Medium Box,Medium,International Standard,PE,59.4,59.4,59.4
Medium Box,Medium,International Standard,SI,58.85,58.85,58.85
Medium Box,Very Heavy,Domestic 2 Day,US,23.9,44.32,64.73
Medium Box,Very Heavy,Domestic Economy,US,7.59,12.79,15.61
Medium Box,Very Heavy,Domestic Ground,US,10.27,16.19,24.82
Medium Box,Very Heavy,Domestic Next Day,US,38.21,68.0,87.58
Medium Box,Very Heavy,International Expedited,AU,76.55,76.55,76.55
Medium Box,Very Heavy,International Expedited,DE,60.88,60.88,60.88
Medium Box,Very Heavy,International Expedited,FI,65.39,65.39,65.39
Medium Box,Very Heavy,International Expedited,GB,70.66,73.79,76.92
Medium Box,Very Heavy,International Expedited,GR,65.39,65.39,65.39
Medium Box,Very Heavy,International Expedited,JP,74.71,74.71,74.71
Medium Box,Very Heavy,International Expedited,NO,69.39,69.39,69.39
Medium Box,Very Heavy,International Expedited,SG,52.66,52.66,52.66
Medium Box,Very Heavy,International Standard,CA,43.5,48.8,54.1
Medium Box,Very Heavy,International Standard,DE,47.91,47.91,47.91
Medium Box,Very Heavy,International Standard,ES,57.29,57.29,57.29
Medium Box,Very Heavy,International Standard,FR,47.91,47.91,47.91
Medium Box,Very Heavy,International Standard,GB,68.92,112.1,193.49
Medium Box,Very Heavy,International Standard,IT,47.91,56.35,69.22
Medium Box,Very Heavy,International Standard,MY,66.01,66.01,66.01
Small Box,Heavy,Domestic 2 Day,US,20.55,32.01,53.99
Small Box,Heavy,Domestic Economy,US,5.85,8.34,162.25
Small Box,Heavy,Domestic Expedited,US,17.89,19.9,30.07
Small Box,Heavy,Domestic Ground,US,10.17,12.24,18.59
Small Box,Heavy,Domestic Next Day,US,37.7,44.97,54.85
Small Box,Heavy,Domestic Next Day Early AM,US,193.01,193.01,193.01
Small Box,Heavy,International Economy,GB,20.01,20.01,20.01
Small Box,Heavy,International Economy,JP,17.29,17.29,17.29
Small Box,Heavy,International Economy,UA,77.83,77.83,77.83
Small Box,Heavy,International Expedited,AT,45.76,45.76,45.76
Small Box,Heavy,International Expedited,AU,45.68,61.79,115.37
Small Box,Heavy,International Expedited,BD,40.99,40.99,40.99
Small Box,Heavy,International Expedited,BE,35.33,51.04,58.9
Small Box,Heavy,International Expedited,CA,44.11,47.62,48.39
Small Box,Heavy,International Expedited,CH,67.7,67.7,67.7
Small Box,Heavy,International Expedited,CZ,62.07,62.07,62.07
Small Box,Heavy,International Expedited,DE,38.91,57.46,62.69
Small Box,Heavy,International Expedited,ES,48.6,77.6,132.5
Small Box,Heavy,International Expedited,FI,45.76,70.11,111.44
Small Box,Heavy,International Expedited,FR,58.9,60.58,62.69
Small Box,Heavy,International Expedited,GB,39.33,57.73,62.69
Small Box,Heavy,International Expedited,GR,45.76,45.76,45.76
Small Box,Heavy,International Expedited,HU,97.62,99.52,101.41
Small Box,Heavy,International Expedited,IT,62.69,62.69,62.69
Small Box,Heavy,International Expedited,MK,96.63,96.63,96.63
Small Box,Heavy,International Expedited,NL,58.9,59.85,62.69
Small Box,Heavy,International Expedited,NO,41.76,54.73,67.7
Small Box,Heavy,International Expedited,NP,110.67,110.67,110.67
Small Box,Heavy,International Expedited,NZ,45.78,54.75,67.18
Small Box,Heavy,International Expedited,PH,45.68,57.29,115.37
Small Box,Heavy,International Expedited,PK,64.67,64.67,64.67
Small Box,Heavy,International Expedited,PL,62.19,79.9,97.62
Small Box,Heavy,International Expedited,PT,44.6,44.6,44.6
Small Box,Heavy,International Expedited,RO,131.75,131.75,131.75
Small Box,Heavy,International Expedited,SE,41.76,43.28,45.76
Small Box,Heavy,International Expedited,SI,66.06,66.06,66.06
Small Box,Heavy,International Expedited,SK,62.07,70.96,97.62
Small Box,Heavy,International Expedited,ZA,62.19,62.19,62.19
Small Box,Heavy,International Standard,AT,41.02,41.02,41.02
Small Box,Heavy,International Standard,AU,40.67,55.79,111.35
Small Box,Heavy,International Standard,BD,34.3,34.3,34.3
Small Box,Heavy,International Standard,BE,33.96,35.77,38.9
Small Box,Heavy,International Standard,CA,23.89,30.62,38.53
Small Box,Heavy,International Standard,CH,36.44,38.72,41.02
Small Box,Heavy,International Standard,CY,35.3,35.3,35.3
Small Box,Heavy,International Standard,CZ,49.3,49.3,49.3
Small Box,Heavy,International Standard,DE,33.96,38.08,49.3
Small Box,Heavy,International Standard,DK,36.44,36.57,36.96
Small Box,Heavy,International Standard,ES,36.44,38.43,47.2
Small Box,Heavy,International Standard,FI,41.02,41.02,41.02
Small Box,Heavy,International Standard,FR,33.96,36.86,42.91
Small Box,Heavy,International Standard,GB,33.96,39.79,103.64
Small Box,Heavy,International Standard,GR,111.7,111.7,111.7
Small Box,Heavy,International Standard,HU,48.61,49.56,53.36
Small Box,Heavy,International Standard,IE,33.96,35.47,38.5
Small Box,Heavy,International Standard,IL,34.81,35.06,35.3
Small Box,Heavy,International Standard,IT,33.96,40.61,107.64
Small Box,Heavy,International Standard,MT,46.39,46.39,46.39
Small Box,Heavy,International Standard,MY,40.1,42.21,45.86
Small Box,Heavy,International Standard,NL,33.96,38.28,42.91
Small Box,Heavy,International Standard,PH,40.67,40.67,40.67
Small Box,Heavy,International Standard,PL,48.61,51.3,58.8
Small Box,Heavy,International Standard,PT,36.44,38.57,43.2
Small Box,Heavy,International Standard,QA,34.81,35.06,35.3
Small Box,Heavy,International Standard,SE,36.96,36.96,36.96
Small Box,Heavy,International Standard,ZA,48.61,48.96,49.3
Small Box,Light,Domestic 2 Day,US,15.73,19.7,29.03
Small Box,Light,Domestic Economy,PR,6.83,7.0,7.16
Small Box,Light,Domestic Economy,US,3.96,5.74,9.28
Small Box,Light,Domestic Expedited,US,16.81,16.81,16.81
Small Box,Light,Domestic Ground,US,6.6,12.77,31.33
Small Box,Light,Domestic Next Day,US,28.73,37.04,57.86
Small Box,Light,Domestic Next Day Early AM,US,126.16,140.24,165.27
Small Box,Light,International Economy,AR,16.3,16.3,16.3
Small Box,Light,International Economy,AT,12.37,13.67,14.6
Small Box,Light,International Economy,AU,11.87,16.24,39.16
Small Box,Light,International Economy,BH,13.0,13.0,13.0
Small Box,Light,International Economy,BR,14.68,16.26,16.3
Small Box,Light,International Economy,CA,10.26,13.46,126.09
Small Box,Light,International Economy,CH,12.37,13.04,14.05
Small Box,Light,International Economy,CL,16.3,16.3,16.3
Small Box,Light,International Economy,CN,13.09,13.09,13.09
Small Box,Light,International Economy,CO,16.3,16.3,16.3
Small Box,Light,International Economy,CR,16.3,16.3,16.3
Small Box,Light,International Economy,DE,10.35,10.71,11.87
Small Box,Light,International Economy,DK,14.05,14.05,14.05
Small Box,Light,International Economy,ES,12.37,13.86,14.05
Small Box,Light,International Economy,FR,10.35,11.68,11.87
Small Box,Light,International Economy,GB,10.35,11.04,14.05
Small Box,Light,International Economy,GT,16.3,16.3,16.3
Small Box,Light,International Economy,HK,11.38,11.38,11.38
Small Box,Light,International Economy,ID,14.87,14.87,14.87
Small Box,Light,International Economy,IL,13.0,13.0,13.0
Small Box,Light,International Economy,IN,14.04,14.04,14.04
Small Box,Light,International Economy,JP,9.89,11.03,11.61
Small Box,Light,International Economy,KR,9.89,11.26,11.6
Small Box,Light,International Economy,MN,192.16,192.16,192.16
Small Box,Light,International Economy,MX,8.24,8.94,9.27
Small Box,Light,International Economy,MY,12.04,12.04,12.04
Small Box,Light,International Economy,NL,10.35,11.0,11.87
Small Box,Light,International Economy,NO,12.37,12.37,12.37
Small Box,Light,International Economy,PE,16.3,16.3,16.3
Small Box,Light,International Economy,PL,18.87,18.87,18.87
Small Box,Light,International Economy,PT,14.05,14.05,14.05
Small Box,Light,International Economy,PY,16.3,16.3,16.3
Small Box,Light,International Economy,RO,18.87,18.87,18.87
Small Box,Light,International Economy,SE,14.05,14.05,14.05
Small Box,Light,International Economy,SG,10.32,11.23,11.38
Small Box,Light,International Economy,TR,13.0,13.0,13.0
Small Box,Light,International Economy,TT,10.33,10.33,10.33
Small Box,Light,International Economy,TW,11.38,11.38,11.38
Small Box,Light,International Economy,UA,19.0,19.0,19.0
Small Box,Light,International Expedited,CN,34.22,34.22,34.22
Small Box,Light,International Expedited,ES,37.27,37.27,37.27
Small Box,Light,International Expedited,FR,35.25,35.25,35.25
Small Box,Light,International Expedited,GB,78.41,78.41,78.41
Small Box,Light,International Standard,AT,26.34,30.94,33.31
Small Box,Light,International Standard,AU,29.07,65.5,101.88
Small Box,Light,International Standard,BD,26.84,26.91,26.95
Small Box,Light,International Standard,BE,25.05,26.67,29.62
Small Box,Light,International Standard,BO,35.79,36.07,36.23
Small Box,Light,International Standard,CA,21.52,32.07,98.01
Small Box,Light,International Standard,CH,29.2,31.06,34.01
Small Box,Light,International Standard,CY,27.97,28.02,28.08
Small Box,Light,International Standard,CZ,27.48,32.52,36.8
Small Box,Light,International Standard,DE,25.0,28.64,30.28
Small Box,Light,International Standard,DK,26.07,28.75,29.38
Small Box,Light,International Standard,ES,26.07,29.59,33.31
Small Box,Light,International Standard,FI,26.07,40.04,99.06
Small Box,Light,International Standard,FR,25.0,27.36,40.05
Small Box,Light,International Standard,GB,25.0,28.28,30.48
Small Box,Light,International Standard,GR,99.06,100.18,102.43
Small Box,Light,International Standard,HU,31.31,35.63,39.54
Small Box,Light,International Standard,IE,25.53,26.91,29.68
Small Box,Light,International Standard,IL,26.31,27.45,28.08
Small Box,Light,International Standard,IT,25.53,30.49,98.75
Small Box,Light,International Standard,JO,28.72,28.72,28.72
Small Box,Light,International Standard,JP,23.7,24.12,24.44
Small Box,Light,International Standard,KE,25.42,25.42,25.42
Small Box,Light,International Standard,KR,23.75,23.99,24.24
Small Box,Light,International Standard,MK,25.42,25.42,25.42
Small Box,Light,International Standard,MT,25.42,28.34,31.27
Small Box,Light,International Standard,MX,19.39,19.53,19.66
Small Box,Light,International Standard,MY,32.13,32.13,32.13
Small Box,Light,International Standard,NL,25.53,28.5,29.68
Small Box,Light,International Standard,NO,29.38,29.38,29.38
Small Box,Light,International Standard,PH,29.07,44.19,98.61
Small Box,Light,International Standard,PL,27.8,32.54,37.03
Small Box,Light,International Standard,PT,26.07,42.58,98.86
Small Box,Light,International Standard,QA,27.97,27.97,27.97
Small Box,Light,International Standard,RO,27.32,27.32,27.32
Small Box,Light,International Standard,SE,26.54,39.01,99.06
Small Box,Light,International Standard,SI,31.84,31.84,31.84
Small Box,Light,International Standard,SK,27.32,27.48,27.8
Small Box,Light,International Standard,TW,25.08,25.08,25.08
Small Box,Light,International Standard,UY,36.23,36.23,36.23
Small Box,Light,International Standard,VN,32.6,32.6,32.6
Small Box,Light,International Standard,ZA,27.8,32.01,32.97
Small Box,Medium,Domestic 2 Day,US,15.65,22.75,33.27
Small Box,Medium,Domestic Economy,PR,9.74,9.74,9.74
Small Box,Medium,Domestic Economy,US,5.85,8.55,276.01
Small Box,Medium,Domestic Expedited,US,11.45,19.34,25.43
Small Box,Medium,Domestic Ground,PR,27.81,27.81,27.81
Small Box,Medium,Domestic Ground,US,7.15,11.39,18.51
Small Box,Medium,Domestic Next Day,US,26.86,40.78,49.24
Small Box,Medium,Domestic Next Day Early AM,US,145.41,145.41,145.41
Small Box,Medium,International Economy,AU,14.87,40.54,70.33
Small Box,Medium,International Economy,BR,16.3,16.3,16.3
Small Box,Medium,International Economy,CA,14.12,14.12,14.12
Small Box,Medium,International Economy,DE,11.87,11.99,12.23
Small Box,Medium,International Economy,ES,28.22,28.22,28.22
Small Box,Medium,International Economy,GB,11.87,12.87,13.87
Small Box,Medium,International Economy,JP,11.6,11.94,12.62
Small Box,Medium,International Economy,KR,11.6,11.6,11.6
Small Box,Medium,International Economy,MX,9.27,9.27,9.27
Small Box,Medium,International Economy,PF,189.22,189.22,189.22
Small Box,Medium,International Economy,PH,16.8,16.8,16.8
Small Box,Medium,International Economy,UA,35.46,51.57,65.85
Small Box,Medium,International Expedited,AT,37.31,37.31,37.31
Small Box,Medium,International Expedited,AU,34.51,42.67,109.08
Small Box,Medium,International Expedited,BD,58.74,58.74,58.74
Small Box,Medium,International Expedited,BE,31.03,32.54,34.05
Small Box,Medium,International Expedited,CA,26.23,29.27,31.29
Small Box,Medium,International Expedited,DE,31.03,35.32,37.85
Small Box,Medium,International Expedited,DK,35.56,37.51,39.85
Small Box,Medium,International Expedited,ES,39.35,44.34,60.4
Small Box,Medium,International Expedited,FI,37.31,89.5,107.21
Small Box,Medium,International Expedited,FR,30.79,33.52,37.85
Small Box,Medium,International Expedited,GB,30.86,34.62,37.85
Small Box,Medium,International Expedited,GR,110.99,110.99,110.99
Small Box,Medium,International Expedited,HU,52.1,55.42,59.88
Small Box,Medium,International Expedited,IE,51.59,51.59,51.59
Small Box,Medium,International Expedited,KE,55.47,55.47,55.47
Small Box,Medium,International Expedited,LV,58.64,58.64,58.64
Small Box,Medium,International Expedited,MK,55.46,55.46,55.46
Small Box,Medium,International Expedited,MT,85.17,85.17,85.17
Small Box,Medium,International Expedited,MY,39.72,39.72,39.72
Small Box,Medium,International Expedited,NL,31.22,33.12,35.03
Small Box,Medium,International Expedited,NZ,36.63,39.44,42.26
Small Box,Medium,International Expedited,PH,34.51,56.87,109.08
Small Box,Medium,International Expedited,PL,48.31,52.84,56.08
Small Box,Medium,International Expedited,PT,37.11,37.11,37.11
Small Box,Medium,International Expedited,QA,35.78,35.78,35.78
Small Box,Medium,International Expedited,RE,55.47,55.47,55.47
Small Box,Medium,International Expedited,SE,37.31,37.35,37.39
Small Box,Medium,International Expedited,SK,52.34,53.31,54.28
Small Box,Medium,International Standard,AT,33.17,33.39,33.8
Small Box,Medium,International Standard,AU,32.0,43.9,107.58
Small Box,Medium,International Standard,BA,31.69,36.72,39.27
Small Box,Medium,International Standard,BE,25.53,29.41,55.29
Small Box,Medium,International Standard,BN,28.31,28.31,28.31
Small Box,Medium,International Standard,BR,35.87,35.9,36.23
Small Box,Medium,International Standard,CA,21.52,27.58,97.53
Small Box,Medium,International Standard,CH,29.32,34.15,37.85
Small Box,Medium,International Standard,CY,28.08,29.11,31.09
Small Box,Medium,International Standard,CZ,32.97,35.5,43.6
Small Box,Medium,International Standard,DE,25.53,30.49,52.64
Small Box,Medium,International Standard,DK,29.2,31.66,53.17
Small Box,Medium,International Standard,EC,36.23,36.23,36.23
Small Box,Medium,International Standard,EE,33.23,36.11,38.99
Small Box,Medium,International Standard,ES,29.14,38.74,106.49
Small Box,Medium,International Standard,FI,29.2,63.86,104.21
Small Box,Medium,International Standard,FR,25.53,29.82,48.85
Small Box,Medium,International Standard,GB,25.53,30.12,34.84
Small Box,Medium,International Standard,GR,33.17,61.65,103.77
Small Box,Medium,International Standard,HN,36.23,36.23,36.23
Small Box,Medium,International Standard,HU,32.83,38.57,43.87
Small Box,Medium,International Standard,IE,25.63,26.81,33.98
Small Box,Medium,International Standard,IL,28.08,30.4,32.42
Small Box,Medium,International Standard,IT,25.53,32.6,100.79
Small Box,Medium,International Standard,JP,24.44,25.2,29.71
Small Box,Medium,International Standard,KE,31.69,35.76,39.83
Small Box,Medium,International Standard,LV,33.23,33.23,33.23
Small Box,Medium,International Standard,MK,31.72,35.92,40.11
Small Box,Medium,International Standard,MT,31.46,37.21,40.11
Small Box,Medium,International Standard,MX,19.7,20.52,23.76
Small Box,Medium,International Standard,MY,32.0,36.93,64.59
Small Box,Medium,International Standard,NL,25.63,29.25,34.53
Small Box,Medium,International Standard,NO,29.2,31.9,37.56
Small Box,Medium,International Standard,NP,97.08,97.08,97.08
Small Box,Medium,International Standard,NZ,32.0,34.68,37.2
Small Box,Medium,International Standard,PH,32.0,51.05,107.58
Small Box,Medium,International Standard,PK,27.01,28.94,32.43
Small Box,Medium,International Standard,PL,32.83,37.24,43.6
Small Box,Medium,International Standard,PT,29.2,39.06,100.48
Small Box,Medium,International Standard,QA,28.08,28.08,28.08
Small Box,Medium,International Standard,RE,31.21,31.21,31.21
Small Box,Medium,International Standard,RO,33.51,37.63,39.83
Small Box,Medium,International Standard,RS,39.27,39.27,39.27
Small Box,Medium,International Standard,SE,29.2,32.46,37.56
Small Box,Medium,International Standard,SG,24.99,24.99,24.99
Small Box,Medium,International Standard,SI,36.8,39.1,42.98
Small Box,Medium,International Standard,SK,32.83,35.93,39.83
Small Box,Medium,International Standard,TW,25.15,25.15,25.15
Small Box,Medium,International Standard,UA,115.82,117.06,118.29
Small Box,Medium,International Standard,UY,36.23,36.23,36.23
Small Box,Medium,International Standard,ZA,32.97,34.28,39.54
Small Box,Very Heavy,Domestic 2 Day,US,29.11,85.12,269.47
Small Box,Very Heavy,Domestic Economy,US,6.82,8.1,9.39
Small Box,Very Heavy,Domestic Ground,PR,119.64,119.64,119.64
Small Box,Very Heavy,Domestic Ground,US,10.23,25.44,60.13
Small Box,Very Heavy,International Expedited,CA,131.74,131.74,131.74
Small Box,Very Heavy,International Expedited,DE,60.88,254.84,448.8
Small Box,Very Heavy,International Standard,JP,130.07,130.07,130.07
XL/Custom,Heavy,Domestic 2 Day,US,45.79,74.24,99.49
XL/Custom,Heavy,Domestic Economy,US,22.11,71.09,116.56
XL/Custom,Heavy,Domestic Ground,US,16.35,31.97,99.32
XL/Custom,Heavy,Domestic Next Day,US,136.72,156.29,166.07
XL/Custom,Heavy,International Economy,AU,18.74,18.74,18.74
XL/Custom,Heavy,International Economy,DE,18.82,18.82,18.82
XL/Custom,Heavy,International Economy,JP,16.28,16.28,16.28
XL/Custom,Heavy,International Economy,TW,43.83,43.83,43.83
XL/Custom,Heavy,International Expedited,MX,138.82,138.82,138.82
XL/Custom,Heavy,International Standard,AU,200.98,200.98,200.98
XL/Custom,Heavy,International Standard,BE,118.22,118.22,118.22
XL/Custom,Heavy,International Standard,CA,85.93,87.55,96.89
XL/Custom,Heavy,International Standard,CL,216.59,216.59,216.59
XL/Custom,Heavy,International Standard,CN,175.41,175.41,175.41
XL/Custom,Heavy,International Standard,DE,104.87,113.77,118.22
XL/Custom,Heavy,International Standard,FR,126.85,126.85,126.85
XL/Custom,Heavy,International Standard,GB,122.8,122.8,122.8
XL/Custom,Heavy,International Standard,IE,122.8,122.8,122.8
XL/Custom,Heavy,International Standard,IT,104.87,104.87,104.87
XL/Custom,Heavy,International Standard,JP,113.67,122.33,139.65
XL/Custom,Heavy,International Standard,MX,73.94,74.92,75.91
XL/Custom,Heavy,International Standard,NZ,200.98,200.98,200.98
XL/Custom,Heavy,International Standard,TW,120.44,120.44,120.44
XL/Custom,Light,International Standard,PH,327.1,327.1,327.1
XL/Custom,Medium,Domestic 2 Day,US,64.26,64.26,64.26
XL/Custom,Medium,Domestic Ground,US,39.61,58.41,88.46
XL/Custom,Very Heavy,Domestic 2 Day,US,35.42,149.17,438.13
XL/Custom,Very Heavy,Domestic Economy,US,36.92,94.22,173.91
XL/Custom,Very Heavy,Domestic Ground,US,15.71,45.42,181.54
XL/Custom,Very Heavy,Domestic Next Day,US,89.85,211.12,631.49
XL/Custom,Very Heavy,Domestic Next Day Early AM,US,351.47,537.87,631.07
XL/Custom,Very Heavy,International Expedited,CA,148.52,204.82,214.32
XL/Custom,Very Heavy,International Expedited,JP,132.83,132.83,132.83
XL/Custom,Very Heavy,International Expedited,SG,261.18,261.18,261.18
XL/Custom,Very Heavy,International Standard,CA,123.59,150.71,162.4
XL/Custom,Very Heavy,International Standard,DE,0.01,717.61,3418.66
XL/Custom,Very Heavy,International Standard,DK,273.59,273.59,273.59
XL/Custom,Very Heavy,International Standard,GB,160.85,160.85,160.85
XL/Custom,Very Heavy,International Standard,IE,229.52,229.52,229.52
XL/Custom,Very Heavy,International Standard,JP,172.59,172.59,172.59
XL/Custom,Very Heavy,International Standard,PH,327.1,327.1,327.1
XL/Custom,Very Heavy,International Standard,SE,343.42,343.42,343.42
